d,nl,ns
2018-12-04,173019,124018
2018-12-11,169600,109101
2018-12-18,182168,106208
2018-12-24,208622,97637
2018-12-31,210141,86369
2019-01-08,199560,100344
2019-01-15,201796,113883
2019-01-22,186510,112006
2019-01-29,212318,112725
2019-02-05,218200,109105
2019-02-12,214170,109296
2019-02-19,254086,108439
2019-02-26,236835,101139
2019-03-05,202628,114610
2019-03-12,205250,126431
2019-03-19,204325,115929
2019-03-26,214897,94959
2019-04-02,193784,99228
2019-04-09,199507,94143
2019-04-16,183213,126940
2019-04-23,176691,139296
2019-04-30,177275,111056
2019-05-07,185801,110390
2019-05-14,226361,101825
2019-05-21,203628,114823
2019-05-28,194463,107775
2019-06-04,240477,84362
2019-06-11,250114,65876
2019-06-18,274633,70310
2019-06-25,298108,61554
2019-07-02,312702,53756
2019-07-09,306105,61342
2019-07-16,309535,64034
2019-07-23,311881,60631
2019-07-30,312214,57826
2019-08-06,350558,58013
2019-08-13,346223,56133
2019-08-20,352294,52301
2019-08-27,362609,65771
2019-09-03,365385,64838
2019-09-10,334114,64389
2019-09-17,341511,58912
2019-09-24,370393,57949
2019-10-01,322800,53807
2019-10-08,334383,58820
2019-10-15,319370,66343
2019-10-22,322917,63785
2019-10-29,335423,58908
2019-11-05,344591,64763
2019-11-12,323189,56123
2019-11-19,337296,51437
2019-11-26,325286,53652
2019-12-03,346525,55820
2019-12-10,329169,58249
2019-12-17,344493,58218
2019-12-24,364310,58658
2019-12-31,381620,53695
2020-01-07,383480,61189
2020-01-14,376809,57574
2020-01-21,374793,57098
2020-01-28,376401,46309
2020-02-04,355909,56103
2020-02-11,356535,48561
2020-02-18,408349,54700
2020-02-25,389339,53474
2020-03-03,366173,46440
2020-03-10,336290,36759
2020-03-17,317405,35489
2020-03-24,317928,29562
2020-03-31,287529,28680
2020-04-07,279880,30938
2020-04-14,286617,34116
2020-04-21,282263,32692
2020-04-28,287382,24653
2020-05-05,275571,25567
2020-05-12,277771,34943
2020-05-19,295394,43606
2020-05-26,288148,50234
2020-06-02,272196,53162
2020-06-09,263972,55359
2020-06-16,277395,53047
2020-06-23,308459,56502
2020-06-30,328942,62272
2020-07-07,337030,69672
2020-07-14,330205,67777
2020-07-21,334237,67801
2020-07-28,312588,75787
2020-08-04,321847,83101
2020-08-11,306867,82814
2020-08-18,302369,78851
2020-08-25,301559,80521
2020-09-01,306118,75322
2020-09-08,313173,76700
2020-09-15,324512,83535
2020-09-22,309015,89955
2020-09-29,316106,72447
2020-10-06,320922,72335
2020-10-13,326986,86315
2020-10-20,340206,90602
2020-10-27,326063,77429
2020-11-03,321798,78889
2020-11-10,318516,78780
2020-11-17,329698,78428
2020-11-24,320324,76422
2020-12-01,324344,64030
2020-12-08,338271,69051
2020-12-15,340610,69026
2020-12-21,349870,71674
2020-12-29,341812,72940
2021-01-05,349946,70628
2021-01-12,313217,66990
2021-01-19,307507,60869
2021-01-26,313532,55986
2021-02-02,314352,57226
2021-02-09,309326,57919
2021-02-16,303583,68614
2021-02-23,284081,68348
2021-03-02,265533,75895
2021-03-09,254839,79676
2021-03-16,256237,76041
2021-03-23,262774,88707
2021-03-30,263453,95925
2021-04-06,275703,86194
2021-04-13,269513,88639
2021-04-20,275985,94487
2021-04-27,270717,100098
2021-05-04,270194,99453
2021-05-11,282161,89906
2021-05-18,290267,91378
2021-05-25,288266,73624
2021-06-01,288826,75125
2021-06-08,288781,79394
2021-06-15,273947,81911
2021-06-22,253153,86939
2021-06-29,254206,91980
2021-07-06,270545,87724
2021-07-13,275543,84707
2021-07-20,277312,81340
2021-07-27,273688,74300
2021-08-03,273143,76808
2021-08-10,277260,108854
2021-08-17,284437,92895
2021-08-24,299084,88431
2021-08-31,311004,94454
2021-09-07,306017,99978
2021-09-14,306988,99228
2021-09-21,296670,109023
2021-09-28,293814,125415
2021-10-05,295939,113357
2021-10-12,298503,112964
2021-10-19,299882,106533
2021-10-26,313646,99086
2021-11-02,311091,95962
2021-11-09,341111,90930
2021-11-16,360529,100749
2021-11-23,326409,91998
2021-11-30,310253,84393
2021-12-07,300518,83333
2021-12-14,298142,95741
2021-12-21,296628,90817
2021-12-28,303879,90723
2022-01-04,296583,85228
2022-01-11,290102,90365
2022-01-18,290528,96321
2022-01-25,313415,93264
2022-02-01,275994,103852
2022-02-08,279559,92853
2022-02-15,313269,99656
2022-02-22,350096,106948
2022-03-01,354177,96555
2022-03-08,364618,90230
2022-03-15,346731,84943
2022-03-22,328660,80628
2022-03-29,327632,70036
2022-04-05,324570,79029
2022-04-12,338164,83877
2022-04-19,330745,90988
2022-04-26,310511,92487
2022-05-03,293439,94271
2022-05-10,288947,95632
2022-05-17,283011,107651
2022-05-24,282202,98389
2022-05-31,269459,96870
2022-06-07,270356,95088
2022-06-14,266596,111998
2022-06-21,268119,104832
2022-06-28,268712,111019
2022-07-05,267806,122146
2022-07-12,251126,133005
2022-07-19,241004,146049
2022-07-26,241661,148971
2022-08-02,242128,117802
2022-08-09,242906,100055
2022-08-16,238196,97032
2022-08-23,237427,111580
2022-08-30,235314,117580
2022-09-06,231527,127670
2022-09-13,225932,128588
2022-09-20,214557,148835
2022-09-27,207154,155073
2022-10-04,215964,127579
2022-10-11,212561,118141
2022-10-18,210890,133934
2022-10-25,212853,144821
2022-11-01,216341,151718
2022-11-08,223135,140797
2022-11-15,227282,101013
2022-11-22,214284,98171
2022-11-29,209161,99158
2022-12-06,211472,96347
2022-12-13,224409,98760
2022-12-20,226136,97288
2022-12-27,229525,92645
2023-01-03,230801,89135
2023-01-10,243566,93031
2023-01-17,246874,93634
2023-01-24,253311,95638
2023-01-31,256417,96136
2023-02-07,223298,94483
2023-02-14,210374,104845
2023-02-21,210185,103084
2023-02-28,208419,99826
2023-03-07,215574,117100
2023-03-14,230823,90492
2023-03-21,237891,79286
2023-03-28,245135,63505
2023-04-04,266164,70948
2023-04-11,260165,67420
2023-04-18,260061,70168
2023-04-25,253186,67922
2023-05-02,262413,66846
2023-05-09,266472,70658
2023-05-16,255250,75436
2023-05-23,236149,75417
2023-05-30,237306,67990
2023-06-06,237467,61826
2023-06-13,227317,67108
2023-06-20,229308,66333
2023-06-27,220881,68971
2023-07-03,235081,71984
2023-07-11,240546,74792
2023-07-18,263740,70392
2023-07-25,248229,74590
2023-08-01,238985,74061
2023-08-08,228846,85861
2023-08-15,233078,111942
2023-08-22,226340,124394
2023-08-29,236054,112782
2023-09-05,235802,97796
2023-09-12,235704,111840
2023-09-19,237716,102553
2023-09-26,235560,119745
2023-10-03,228406,137180
2023-10-10,220332,148899
2023-10-17,231412,118674
2023-10-24,251469,102084
2023-10-31,261053,97628
2023-11-07,261653,95437
2023-11-14,254352,98976
2023-11-21,269701,97996
2023-11-28,289845,89761
2023-12-05,288840,85296
2023-12-12,273536,85303
2023-12-19,280972,79633
2023-12-26,289843,82125
2024-01-02,290706,83057
2024-01-09,271665,83051
2024-01-16,262360,82467
2024-01-23,241100,71626
2024-01-30,219222,71431
2024-02-06,228623,66885
2024-02-13,217505,86337
2024-02-20,211034,70772
2024-02-27,214948,73312
2024-03-05,264148,72855
2024-03-12,283062,81460
2024-03-19,278732,77130
2024-03-26,265647,66353
2024-04-02,281399,74149
2024-04-09,279799,77380
2024-04-16,278777,76854
2024-04-23,279535,76644
2024-04-30,278850,74640
2024-05-07,272144,72577
2024-05-14,277642,73146
2024-05-21,300729,70923
2024-05-28,286737,50152
2024-06-04,284566,47264
2024-06-11,276769,42843
2024-06-18,287147,44063
2024-06-25,284885,38656
2024-07-02,280117,38574
2024-07-09,303043,48268
2024-07-16,349827,64803
2024-07-23,341600,68526
2024-07-30,313364,66763
2024-08-06,298119,59370
2024-08-13,328769,61505
2024-08-20,355551,64298
2024-08-27,343330,48885
2024-09-03,339157,51599
2024-09-10,340006,57505
2024-09-17,369734,59668
2024-09-24,387572,72182
2024-10-01,370051,70120
2024-10-08,348891,70711
2024-10-15,357494,71060
2024-10-22,371813,75609
2024-10-29,366636,87983
2024-11-05,336816,81487
2024-11-12,316225,79774
2024-11-19,309354,74987
2024-11-26,303401,53063
2024-12-03,307611,47875
2024-12-10,324332,48746
2024-12-17,302978,40937
2024-12-24,289416,41787
2024-12-31,282907,35628
2025-01-07,291721,36810
2025-01-14,312568,33205
2025-01-21,337289,36505
2025-01-28,338371,38962
2025-02-04,356500,53992
2025-02-11,343766,59262
2025-02-18,334043,65369
2025-02-25,316948,55323
2025-03-04,303132,59871
2025-03-11,296172,60072
2025-03-18,321654,63722
2025-03-25,316572,66776
2025-04-01,327936,89502
2025-04-08,269833,69118
2025-04-15,271707,69497
2025-04-22,258896,83518
2025-04-29,240377,77059
2025-05-06,237445,74948
2025-05-13,238191,76982
2025-05-20,238062,74081
2025-05-27,234087,59903
2025-06-03,246982,59077
2025-06-10,245995,58514
2025-06-17,260586,59938
2025-06-24,256077,61073
2025-07-01,258631,56651
2025-07-08,261685,58717
2025-07-15,270227,57112
2025-07-22,311949,58911
2025-07-29,281241,57645
2025-08-05,292194,55144
2025-08-12,288115,58630
2025-08-19,275277,62687
2025-08-26,275767,61456
