date,asset,open,high,low,close,vendor_high,vendor_low,envelope_fixed,source_month,epoch
2025-12-29,XAUUSD,4371.5,4379.0,4325.10009765625,4325.10009765625,4379.0,4325.10009765625,False,2026-01,1766984400
2025-12-30,XAUUSD,4346.39990234375,4403.60009765625,4338.0,4370.10009765625,4403.60009765625,4338.0,False,2026-01,1767070800
2025-12-31,XAUUSD,4333.5,4363.7998046875,4285.0,4325.60009765625,4363.7998046875,4285.0,False,2026-01,1767157200
2026-01-02,AUDUSD,0.6678500771522522,0.6709157824516296,0.6677399277687073,0.6678299903869629,0.6709157824516296,0.6677399277687073,False,2026-01,1767312000
2026-01-02,EURUSD,1.1751158237457275,1.176747441291809,1.17134428024292,1.175046682357788,1.176747441291809,1.17134428024292,False,2026-01,1767312000
2026-01-02,XAUUSD,4350.60009765625,4350.60009765625,4314.39990234375,4314.39990234375,4350.60009765625,4314.39990234375,False,2026-01,1767330000
2026-01-05,AUDUSD,0.6684702038764954,0.6719978451728821,0.6665000319480896,0.6683902144432068,0.6719978451728821,0.6665000319480896,False,2026-01,1767571200
2026-01-05,EURUSD,1.1706448793411255,1.1718658208847046,1.166003942489624,1.1704667806625366,1.1718658208847046,1.166003942489624,False,2026-01,1767571200
2026-01-05,XAUUSD,4386.7001953125,4443.5,4384.7998046875,4436.89990234375,4443.5,4384.7998046875,False,2026-01,1767589200
2026-01-06,AUDUSD,0.6713888049125671,0.6739316582679749,0.6704201698303223,0.6713401079177856,0.6739316582679749,0.6704201698303223,False,2026-01,1767657600
2026-01-06,EURUSD,1.1716461181640625,1.1745359897613525,1.1684154272079468,1.1714951992034912,1.1745359897613525,1.1684154272079468,False,2026-01,1767657600
2026-01-06,XAUUSD,4449.7001953125,4482.2001953125,4449.0,4482.2001953125,4482.2001953125,4449.0,False,2026-01,1767675600
2026-01-07,AUDUSD,0.6735684871673584,0.6768001914024353,0.6718398332595825,0.6737000942230225,0.6768001914024353,0.6718398332595825,False,2026-01,1767744000
2026-01-07,EURUSD,1.1687841415405273,1.170548915863037,1.1674468517303467,1.1688251495361328,1.170548915863037,1.1674468517303467,False,2026-01,1767744000
2026-01-07,XAUUSD,4450.0,4450.0,4449.2998046875,4449.2998046875,4450.0,4449.2998046875,False,2026-01,1767762000
2026-01-08,AUDUSD,0.672241747379303,0.672569990158081,0.6682597994804382,0.672210156917572,0.672569990158081,0.6682597994804382,False,2026-01,1767830400
2026-01-08,EURUSD,1.1677467823028564,1.1684973239898682,1.1652837991714478,1.1676785945892334,1.1684973239898682,1.1652837991714478,False,2026-01,1767830400
2026-01-08,XAUUSD,4460.2001953125,4461.2998046875,4418.0,4449.7001953125,4461.2998046875,4418.0,False,2026-01,1767848400
2026-01-09,AUDUSD,0.6698300838470459,0.6703001260757446,0.6664800643920898,0.6701065301895142,0.6703001260757446,0.6664800643920898,False,2026-01,1767916800
2026-01-09,EURUSD,1.165813684463501,1.16604483127594,1.161926031112671,1.1657865047454834,1.16604483127594,1.161926031112671,False,2026-01,1767916800
2026-01-09,XAUUSD,4473.0,4490.2998046875,4473.0,4490.2998046875,4490.2998046875,4473.0,False,2026-01,1767934800
2026-01-12,AUDUSD,0.6685922145843506,0.6723141074180603,0.668420135974884,0.6685801148414612,0.6723141074180603,0.668420135974884,False,2026-01,1768176000
2026-01-12,EURUSD,1.162493348121643,1.169864296913147,1.162304162979126,1.1623716354370117,1.169864296913147,1.162304162979126,False,2026-01,1768176000
2026-01-12,XAUUSD,4579.10009765625,4620.0,4577.7998046875,4604.2998046875,4620.0,4577.7998046875,False,2026-01,1768194000
2026-01-13,AUDUSD,0.6708199381828308,0.6724994778633118,0.6673998832702637,0.6707807779312134,0.6724994778633118,0.6673998832702637,False,2026-01,1768262400
2026-01-13,EURUSD,1.1667931079864502,1.1675423383712769,1.1635212898254395,1.1666978597640991,1.1675423383712769,1.1635212898254395,False,2026-01,1768262400
2026-01-13,XAUUSD,4578.60009765625,4617.10009765625,4578.60009765625,4589.2001953125,4617.10009765625,4578.60009765625,False,2026-01,1768280400
2026-01-14,AUDUSD,0.6683098077774048,0.6705001592636108,0.6675999760627747,0.6683598756790161,0.6705001592636108,0.6675999760627747,False,2026-01,1768348800
2026-01-14,EURUSD,1.1643340587615967,1.1663167476654053,1.1637108325958252,1.164252758026123,1.1663167476654053,1.1637108325958252,False,2026-01,1768348800
2026-01-14,XAUUSD,4610.2998046875,4635.0,4608.2001953125,4626.2998046875,4635.0,4608.2001953125,False,2026-01,1768366800
2026-01-15,AUDUSD,0.6681700944900513,0.6709901094436646,0.6668400764465332,0.6682798862457275,0.6709901094436646,0.6668400764465332,False,2026-01,1768435200
2026-01-15,EURUSD,1.1645103693008423,1.164686679840088,1.1593934297561646,1.1646324396133423,1.164686679840088,1.1593934297561646,False,2026-01,1768435200
2026-01-15,XAUUSD,4612.89990234375,4616.2998046875,4612.89990234375,4616.2998046875,4616.2998046875,4612.89990234375,False,2026-01,1768453200
2026-01-16,AUDUSD,0.670286238193512,0.6710057854652405,0.6671799421310425,0.6704210042953491,0.6710057854652405,0.6671799421310425,False,2026-01,1768521600
2026-01-16,EURUSD,1.1609547138214111,1.1626555919647217,1.1585471630096436,1.1609008312225342,1.1626555919647217,1.1585471630096436,False,2026-01,1768521600
2026-01-16,XAUUSD,4608.0,4608.0,4588.39990234375,4588.39990234375,4608.0,4588.39990234375,False,2026-01,1768539600
2026-01-19,AUDUSD,0.6688600778579712,0.6718172430992126,0.6678500771522522,0.6687598824501038,0.6718172430992126,0.6678500771522522,False,2026-01,1768780800
2026-01-19,EURUSD,1.1623852252960205,1.164958119392395,1.1609547138214111,1.162493348121643,1.164958119392395,1.1609547138214111,False,2026-01,1768780800
2026-01-20,AUDUSD,0.6710689067840576,0.6747183203697205,0.6707101464271545,0.6709878444671631,0.6747183203697205,0.6707101464271545,False,2026-01,1768867200
2026-01-20,EURUSD,1.1639952659606934,1.1747016906738281,1.1633453369140625,1.1639139652252197,1.1747016906738281,1.1633453369140625,False,2026-01,1768867200
2026-01-20,XAUUSD,4662.2001953125,4764.0,4661.7998046875,4759.60009765625,4764.0,4661.7998046875,False,2026-01,1768885200
2026-01-21,AUDUSD,0.6732012033462524,0.6777501702308655,0.6728098392486572,0.6731699109077454,0.6777501702308655,0.6728098392486572,False,2026-01,1768953600
2026-01-21,EURUSD,1.1726078987121582,1.1742602586746216,1.169700026512146,1.1727865934371948,1.1742602586746216,1.169700026512146,False,2026-01,1768953600
2026-01-21,XAUUSD,4863.5,4872.2998046875,4771.5,4831.7998046875,4872.2998046875,4771.5,False,2026-01,1768971600
2026-01-22,AUDUSD,0.6754702925682068,0.6838074326515198,0.6754702925682068,0.6754794120788574,0.6838074326515198,0.6754702925682068,False,2026-01,1769040000
2026-01-22,EURUSD,1.167392373085022,1.1750743389129639,1.1672970056533813,1.1672970056533813,1.1750743389129639,1.167392373085022,True,2026-01,1769040000
2026-01-22,XAUUSD,4791.89990234375,4908.7998046875,4791.89990234375,4908.7998046875,4908.7998046875,4791.89990234375,False,2026-01,1769058000
2026-01-23,AUDUSD,0.6839991807937622,0.688098669052124,0.6834797859191895,0.6840506792068481,0.688098669052124,0.6834797859191895,False,2026-01,1769126400
2026-01-23,EURUSD,1.1753920316696167,1.1775649785995483,1.1728966236114502,1.1754610538482666,1.1775649785995483,1.1728966236114502,False,2026-01,1769126400
2026-01-23,XAUUSD,4949.60009765625,4976.2001953125,4936.0,4976.2001953125,4976.2001953125,4936.0,False,2026-01,1769144400
2026-01-26,AUDUSD,0.6912899613380432,0.6940998435020447,0.690779983997345,0.691399872303009,0.6940998435020447,0.690779983997345,False,2026-01,1769385600
2026-01-26,EURUSD,1.1858175992965698,1.1904903650283813,1.183712124824524,1.1858457326889038,1.1904903650283813,1.183712124824524,False,2026-01,1769385600
2026-01-26,XAUUSD,5081.5,5095.60009765625,5052.2001953125,5079.7001953125,5095.60009765625,5052.2001953125,False,2026-01,1769403600
2026-01-27,AUDUSD,0.6913382411003113,0.6983240246772766,0.690231204032898,0.691472053527832,0.6983240246772766,0.690231204032898,False,2026-01,1769472000
2026-01-27,EURUSD,1.1874228715896606,1.1989833116531372,1.185185194015503,1.1876484155654907,1.1989833116531372,1.185185194015503,False,2026-01,1769472000
2026-01-28,AUDUSD,0.6996397376060486,0.7020997405052185,0.697759747505188,0.6995800137519836,0.7020997405052185,0.697759747505188,False,2026-01,1769558400
2026-01-28,EURUSD,1.2022699117660522,1.2023565769195557,1.1921935081481934,1.2017642259597778,1.2023565769195557,1.1921935081481934,False,2026-01,1769558400
2026-01-29,AUDUSD,0.703937828540802,0.7093999981880188,0.6972100138664246,0.7039799094200134,0.7093999981880188,0.6972100138664246,False,2026-01,1769644800
2026-01-29,EURUSD,1.1976622343063354,1.1994577646255493,1.1908447742462158,1.1977769136428833,1.1994577646255493,1.1908447742462158,False,2026-01,1769644800
2026-01-29,XAUUSD,5415.7001953125,5586.2001953125,5097.5,5318.39990234375,5586.2001953125,5097.5,False,2026-01,1769662800
2026-01-30,AUDUSD,0.7048999667167664,0.7055171132087708,0.6969097852706909,0.7047300934791565,0.7055171132087708,0.6969097852706909,False,2026-01,1769731200
2026-01-30,EURUSD,1.1967878341674805,1.1973466873168945,1.187394618988037,1.19657301902771,1.1973466873168945,1.187394618988037,False,2026-01,1769731200
2026-01-30,XAUUSD,5376.39990234375,5440.5,4700.0,4713.89990234375,5440.5,4700.0,False,2026-01,1769749200
2026-02-02,AUDUSD,0.6948497891426086,0.6970924139022827,0.6910181641578674,0.6946277618408203,0.6970924139022827,0.6910181641578674,False,2026-02,1769990400
2026-02-02,EURUSD,1.185044765472412,1.1875073909759521,1.179078459739685,1.1849182844161987,1.1875073909759521,1.179078459739685,False,2026-02,1769990400
2026-02-02,XAUUSD,4807.7001953125,4855.7998046875,4400.0,4622.5,4855.7998046875,4400.0,False,2026-02,1770008400
2026-02-03,AUDUSD,0.6958801746368408,0.7049998641014099,0.6955500841140747,0.6955500841140747,0.7049998641014099,0.6956812143325806,True,2026-02,1770076800
2026-02-03,EURUSD,1.1799131631851196,1.1824523210525513,1.178078293800354,1.1798714399337769,1.1824523210525513,1.178078293800354,False,2026-02,1770076800
2026-02-03,XAUUSD,4680.0,4984.60009765625,4674.2998046875,4903.7001953125,4984.60009765625,4674.2998046875,False,2026-02,1770094800
2026-02-04,AUDUSD,0.7021288871765137,0.7042198777198792,0.6981499791145325,0.7022520899772644,0.7042198777198792,0.6981499791145325,False,2026-02,1770163200
2026-02-04,EURUSD,1.1816281080245972,1.1838523149490356,1.1792314052581787,1.1816140413284302,1.1838523149490356,1.1792314052581787,False,2026-02,1770163200
2026-02-04,XAUUSD,4923.2998046875,5082.2001953125,4897.89990234375,4920.39990234375,5082.2001953125,4897.89990234375,False,2026-02,1770181200
2026-02-05,AUDUSD,0.6995198726654053,0.7008199691772461,0.6942197680473328,0.699440062046051,0.7008199691772461,0.6942197680473328,False,2026-02,1770249600
2026-02-05,EURUSD,1.1802334785461426,1.1820470094680786,1.1780505180358887,1.180163860321045,1.1820470094680786,1.1780505180358887,False,2026-02,1770249600
2026-02-05,XAUUSD,5008.7001953125,5012.2998046875,4786.0,4861.39990234375,5012.2998046875,4786.0,False,2026-02,1770267600
2026-02-06,AUDUSD,0.6915500164031982,0.7020007371902466,0.6897897720336914,0.6916399002075195,0.7020007371902466,0.6897897720336914,False,2026-02,1770336000
2026-02-06,EURUSD,1.1777453422546387,1.1826481819152832,1.176747441291809,1.177786946296692,1.1826481819152832,1.176747441291809,False,2026-02,1770336000
2026-02-06,XAUUSD,4762.0,4958.5,4655.0,4951.2001953125,4958.5,4655.0,False,2026-02,1770354000
2026-02-09,AUDUSD,0.7034723162651062,0.709149956703186,0.7014698386192322,0.7033699154853821,0.709149956703186,0.7014698386192322,False,2026-02,1770595200
2026-02-09,EURUSD,1.1826202869415283,1.1925204992294312,1.1817816495895386,1.182578206062317,1.1925204992294312,1.1817816495895386,False,2026-02,1770595200
2026-02-09,XAUUSD,5017.39990234375,5065.7001953125,4979.10009765625,5050.89990234375,5065.7001953125,4979.10009765625,False,2026-02,1770613200
2026-02-10,AUDUSD,0.7084701657295227,0.7092998623847961,0.7065000534057617,0.7083597779273987,0.7092998623847961,0.7065000534057617,False,2026-02,1770681600
2026-02-10,EURUSD,1.1904761791229248,1.192847728729248,1.1890182495117188,1.1904053688049316,1.192847728729248,1.1890182495117188,False,2026-02,1770681600
2026-02-10,XAUUSD,5013.5,5029.0,5002.7001953125,5003.7998046875,5029.0,5002.7001953125,False,2026-02,1770699600
2026-02-11,AUDUSD,0.7073901295661926,0.7135899662971497,0.7073901295661926,0.7074797749519348,0.7135899662971497,0.7073901295661926,False,2026-02,1770768000
2026-02-11,EURUSD,1.188792109489441,1.192733883857727,1.1839083433151245,1.1889617443084717,1.192733883857727,1.1839083433151245,False,2026-02,1770768000
2026-02-11,XAUUSD,5049.89990234375,5111.2998046875,5041.2998046875,5071.60009765625,5111.2998046875,5041.2998046875,False,2026-02,1770786000
2026-02-12,AUDUSD,0.7124699354171753,0.7147298455238342,0.7087001800537109,0.7125298380851746,0.7147298455238342,0.7087001800537109,False,2026-02,1770854400
2026-02-12,EURUSD,1.1875356435775757,1.1890605688095093,1.1853257417678833,1.1876062154769897,1.1890605688095093,1.1853257417678833,False,2026-02,1770854400
2026-02-12,XAUUSD,5060.39990234375,5078.10009765625,4892.0,4923.7001953125,5078.10009765625,4892.0,False,2026-02,1770872400
2026-02-13,AUDUSD,0.7087298035621643,0.7096999883651733,0.7045498490333557,0.7087101936340332,0.7096999883651733,0.7045498490333557,False,2026-02,1770940800
2026-02-13,EURUSD,1.1869717836380005,1.1879446506500244,1.1848762035369873,1.1868449449539185,1.1879446506500244,1.1848762035369873,False,2026-02,1770940800
2026-02-13,XAUUSD,4953.0,5043.89990234375,4946.2001953125,5022.0,5043.89990234375,4946.2001953125,False,2026-02,1770958800
2026-02-16,AUDUSD,0.7070286273956299,0.7096476554870605,0.7068701386451721,0.7070400714874268,0.7096476554870605,0.7068701386451721,False,2026-02,1771200000
2026-02-16,EURUSD,1.186704158782959,1.1870845556259155,1.1847639083862305,1.1867464780807495,1.1870845556259155,1.1847639083862305,False,2026-02,1771200000
2026-02-17,AUDUSD,0.7074001431465149,0.7076299786567688,0.7030000686645508,0.7072985768318176,0.7076299786567688,0.7030000686645508,False,2026-02,1771286400
2026-02-17,EURUSD,1.1850868463516235,1.1852554082870483,1.180553913116455,1.1849884986877441,1.1852554082870483,1.180553913116455,False,2026-02,1771286400
2026-02-17,XAUUSD,5020.0,5020.0,4847.7998046875,4882.89990234375,5020.0,4847.7998046875,False,2026-02,1771304400
2026-02-18,AUDUSD,0.7083502411842346,0.7086167335510254,0.7052186131477356,0.708320140838623,0.7086167335510254,0.7052186131477356,False,2026-02,1771372800
2026-02-18,EURUSD,1.185157060623169,1.1853959560394287,1.1810418367385864,1.185185194015503,1.1853959560394287,1.1810418367385864,False,2026-02,1771372800
2026-02-18,XAUUSD,4872.2001953125,4987.0,4869.5,4986.5,4987.0,4869.5,False,2026-02,1771390800
2026-02-19,AUDUSD,0.7044098973274231,0.7080999612808228,0.7028394937515259,0.704379141330719,0.7080999612808228,0.7028394937515259,False,2026-02,1771459200
2026-02-19,EURUSD,1.1791062355041504,1.1807769536972046,1.1743016242980957,1.1788839101791382,1.1807769536972046,1.1743016242980957,False,2026-02,1771459200
2026-02-19,XAUUSD,5014.7001953125,5014.7001953125,4975.89990234375,4975.89990234375,5014.7001953125,4975.89990234375,False,2026-02,1771477200
2026-02-20,AUDUSD,0.7056799530982971,0.7090101838111877,0.7016707062721252,0.7056102752685547,0.7090101838111877,0.7016707062721252,False,2026-02,1771545600
2026-02-20,EURUSD,1.1769136190414429,1.1806097030639648,1.1745498180389404,1.1769136190414429,1.1806097030639648,1.1745498180389404,False,2026-02,1771545600
2026-02-20,XAUUSD,5039.5,5072.7001953125,5039.5,5059.2998046875,5072.7001953125,5039.5,False,2026-02,1771563600
2026-02-23,AUDUSD,0.7107800245285034,0.7111399173736572,0.7049899101257324,0.7111399173736572,0.7107901573181152,0.7049899101257324,True,2026-02,1771804800
2026-02-23,EURUSD,1.1829839944839478,1.1834739446640015,1.1775233745574951,1.1834739446640015,1.183445930480957,1.1775233745574951,True,2026-02,1771804800
2026-02-23,XAUUSD,5120.2998046875,5211.60009765625,5120.2998046875,5204.7001953125,5211.60009765625,5120.2998046875,False,2026-02,1771822800
2026-02-24,AUDUSD,0.7060800194740295,0.7073501348495483,0.7027500867843628,0.706070065498352,0.7073501348495483,0.7027500867843628,False,2026-02,1771891200
2026-02-24,EURUSD,1.1793148517608643,1.1796625852584839,1.1767336130142212,1.1793843507766724,1.1796625852584839,1.1767336130142212,False,2026-02,1771891200
2026-02-24,XAUUSD,5158.7998046875,5159.0,5112.7001953125,5155.7998046875,5159.0,5112.7001953125,False,2026-02,1771909200
2026-02-25,AUDUSD,0.7058901786804199,0.7117002010345459,0.7057900428771973,0.7060999870300293,0.7117002010345459,0.7057900428771973,False,2026-02,1771977600
2026-02-25,EURUSD,1.1775511503219604,1.180790901184082,1.1771352291107178,1.1775233745574951,1.180790901184082,1.1771352291107178,False,2026-02,1771977600
2026-02-25,XAUUSD,5166.0,5206.39990234375,5166.0,5206.39990234375,5206.39990234375,5166.0,False,2026-02,1771995600
2026-02-26,AUDUSD,0.7120001912117004,0.7137249112129211,0.7069686055183411,0.7120498418807983,0.7137249112129211,0.7069686055183411,False,2026-02,1772064000
2026-02-26,EURUSD,1.181544303894043,1.1830118894577026,1.1782448291778564,1.181516408920288,1.1830118894577026,1.1782448291778564,False,2026-02,1772064000
2026-02-26,XAUUSD,5177.2001953125,5199.2001953125,5143.89990234375,5176.5,5199.2001953125,5143.89990234375,False,2026-02,1772082000
2026-02-27,AUDUSD,0.7103100419044495,0.7132998704910278,0.7086700201034546,0.71017986536026,0.7132998704910278,0.7086700201034546,False,2026-02,1772150400
2026-02-27,EURUSD,1.1803449392318726,1.182396411895752,1.1790506839752197,1.1803030967712402,1.182396411895752,1.1790506839752197,False,2026-02,1772150400
2026-02-27,XAUUSD,5186.7001953125,5280.0,5176.7001953125,5230.5,5280.0,5176.7001953125,False,2026-02,1772168400
2026-03-02,AUDUSD,0.7058010101318359,0.7117002010345459,0.7045598030090332,0.7058109045028687,0.7117002010345459,0.7045598030090332,False,2026-03,1772409600
2026-03-02,EURUSD,1.1760140657424927,1.1795791387557983,1.1672834157943726,1.1759449243545532,1.1795791387557983,1.1672834157943726,False,2026-03,1772409600
2026-03-02,XAUUSD,5346.60009765625,5405.0,5266.2998046875,5294.39990234375,5405.0,5266.2998046875,False,2026-03,1772427600
2026-03-03,AUDUSD,0.7101717591285706,0.7122502326965332,0.694550096988678,0.710580050945282,0.7122502326965332,0.694550096988678,False,2026-03,1772496000
2026-03-03,EURUSD,1.1694538593292236,1.1707134246826172,1.153203010559082,1.1697274446487427,1.1707134246826172,1.153203010559082,False,2026-03,1772496000
2026-03-03,XAUUSD,5298.7001953125,5303.7998046875,5023.0,5107.39990234375,5303.7998046875,5023.0,False,2026-03,1772514000
2026-03-04,AUDUSD,0.7038684487342834,0.7075598239898682,0.6986899971961975,0.7040701508522034,0.7075598239898682,0.6986899971961975,False,2026-03,1772582400
2026-03-04,EURUSD,1.161089539527893,1.1654876470565796,1.1576753854751587,1.161224365234375,1.1654876470565796,1.1576753854751587,False,2026-03,1772582400
2026-03-04,XAUUSD,5130.7001953125,5180.2001953125,5117.2001953125,5120.2001953125,5180.2001953125,5117.2001953125,False,2026-03,1772600400
2026-03-05,AUDUSD,0.7073701620101929,0.7088498473167419,0.6985001564025879,0.7075998783111572,0.7088498473167419,0.6985001564025879,False,2026-03,1772668800
2026-03-05,EURUSD,1.1635212898254395,1.164686679840088,1.1561896800994873,1.1635618209838867,1.164686679840088,1.1561896800994873,False,2026-03,1772668800
2026-03-05,XAUUSD,5169.5,5169.5,5054.7001953125,5065.2998046875,5169.5,5054.7001953125,False,2026-03,1772686800
2026-03-06,AUDUSD,0.7009299993515015,0.7047101855278015,0.6978698372840881,0.7011299729347229,0.7047101855278015,0.6978698372840881,False,2026-03,1772755200
2026-03-06,EURUSD,1.1607122421264648,1.16225004196167,1.1547610759735107,1.1608065366744995,1.16225004196167,1.1547610759735107,False,2026-03,1772755200
2026-03-06,XAUUSD,5121.0,5146.10009765625,5076.10009765625,5146.10009765625,5146.10009765625,5076.10009765625,False,2026-03,1772773200
2026-03-09,AUDUSD,0.6968786716461182,0.7048498392105103,0.6956908702850342,0.6966199278831482,0.7048498392105103,0.6956908702850342,False,2026-03,1773014400
2026-03-09,EURUSD,1.1525650024414062,1.159366488456726,1.150814175605774,1.152325987815857,1.159366488456726,1.150814175605774,False,2026-03,1773014400
2026-03-09,XAUUSD,5155.0,5160.60009765625,5077.7001953125,5091.5,5160.60009765625,5077.7001953125,False,2026-03,1773028800
2026-03-10,AUDUSD,0.706669807434082,0.7153300642967224,0.705390214920044,0.7068586349487305,0.7153300642967224,0.705390214920044,False,2026-03,1773100800
2026-03-10,EURUSD,1.1616694927215576,1.1663848161697388,1.1608469486236572,1.1617234945297241,1.1663848161697388,1.1608469486236572,False,2026-03,1773100800
2026-03-10,XAUUSD,5138.2001953125,5229.7001953125,5137.60009765625,5229.7001953125,5229.7001953125,5137.60009765625,False,2026-03,1773115200
2026-03-11,AUDUSD,0.7121898531913757,0.7184578776359558,0.7118704319000244,0.712100088596344,0.7184578776359558,0.7118704319000244,False,2026-03,1773187200
2026-03-11,EURUSD,1.1613187789916992,1.164401888847351,1.1566978693008423,1.1611299514770508,1.164401888847351,1.1566978693008423,False,2026-03,1773187200
2026-03-11,XAUUSD,5190.7998046875,5191.2998046875,5167.39990234375,5167.39990234375,5191.2998046875,5167.39990234375,False,2026-03,1773201600
2026-03-12,AUDUSD,0.7128300070762634,0.7161097526550293,0.7073701620101929,0.7129209637641907,0.7161097526550293,0.7073701620101929,False,2026-03,1773273600
2026-03-12,EURUSD,1.1541746854782104,1.156738042831421,1.151145339012146,1.1543211936950684,1.156738042831421,1.151145339012146,False,2026-03,1773273600
2026-03-12,XAUUSD,5137.2001953125,5137.2001953125,5115.7998046875,5115.7998046875,5137.2001953125,5115.7998046875,False,2026-03,1773288000
2026-03-13,AUDUSD,0.7076299786567688,0.7093204259872437,0.7003399133682251,0.7075298428535461,0.7093204259872437,0.7003399133682251,False,2026-03,1773360000
2026-03-13,EURUSD,1.1522197723388672,1.152923822402954,1.1434844732284546,1.1521666049957275,1.152923822402954,1.1434844732284546,False,2026-03,1773360000
2026-03-13,XAUUSD,5089.60009765625,5117.0,5009.5,5052.5,5117.0,5009.5,False,2026-03,1773374400
2026-03-16,AUDUSD,0.700790524482727,0.7075799107551575,0.6997900605201721,0.7005700469017029,0.7075799107551575,0.6997900605201721,False,2026-03,1773619200
2026-03-16,EURUSD,1.1438244581222534,1.1501259803771973,1.1415655612945557,1.1435105800628662,1.1501259803771973,1.1415655612945557,False,2026-03,1773619200
2026-03-16,XAUUSD,5001.60009765625,5010.60009765625,4994.0,4994.0,5010.60009765625,4994.0,False,2026-03,1773633600
2026-03-17,AUDUSD,0.7069001197814941,0.7118998169898987,0.7050694227218628,0.706848680973053,0.7118998169898987,0.7050694227218628,False,2026-03,1773705600
2026-03-17,EURUSD,1.1497821807861328,1.15421462059021,1.146696925163269,1.1499539613723755,1.15421462059021,1.146696925163269,False,2026-03,1773705600
2026-03-17,XAUUSD,5017.60009765625,5017.60009765625,4994.2001953125,5001.0,5017.60009765625,4994.2001953125,False,2026-03,1773720000
2026-03-18,AUDUSD,0.7108199596405029,0.7122897505760193,0.7048398852348328,0.710909903049469,0.7122897505760193,0.7048398852348328,False,2026-03,1773792000
2026-03-18,EURUSD,1.1539082527160645,1.1556684970855713,1.1492536067962646,1.153948187828064,1.1556684970855713,1.1492536067962646,False,2026-03,1773792000
2026-03-18,XAUUSD,4949.60009765625,4949.60009765625,4821.7001953125,4889.89990234375,4949.60009765625,4821.7001953125,False,2026-03,1773806400
2026-03-19,AUDUSD,0.7029101252555847,0.7062501311302185,0.7000800967216492,0.7029501795768738,0.7062501311302185,0.7000800967216492,False,2026-03,1773878400
2026-03-19,EURUSD,1.1462894678115845,1.1536552906036377,1.144505262374878,1.1464471817016602,1.1536552906036377,1.144505262374878,False,2026-03,1773878400
2026-03-19,XAUUSD,4830.2998046875,4830.2998046875,4554.0,4600.7001953125,4830.2998046875,4554.0,False,2026-03,1773892800
2026-03-20,AUDUSD,0.7080999612808228,0.7097080945968628,0.7027900815010071,0.708109974861145,0.7097080945968628,0.7027900815010071,False,2026-03,1773964800
2026-03-20,EURUSD,1.1575682163238525,1.1581177711486816,1.1526447534561157,1.157755732536316,1.1581177711486816,1.1526447534561157,False,2026-03,1773964800
2026-03-20,XAUUSD,4686.89990234375,4686.89990234375,4570.39990234375,4570.39990234375,4686.89990234375,4570.39990234375,False,2026-03,1773979200
2026-03-23,AUDUSD,0.7012101411819458,0.7059001326560974,0.6911499500274658,0.7007802128791809,0.7059001326560974,0.6911499500274658,False,2026-03,1774224000
2026-03-23,EURUSD,1.156376838684082,1.1637920141220093,1.1485011577606201,1.1560158729553223,1.1637920141220093,1.1485011577606201,False,2026-03,1774224000
2026-03-23,XAUUSD,4353.0,4480.39990234375,4100.7998046875,4404.10009765625,4480.39990234375,4100.7998046875,False,2026-03,1774238400
2026-03-24,AUDUSD,0.700799822807312,0.7011698484420776,0.6946200132369995,0.7006098031997681,0.7011698484420776,0.6946200132369995,False,2026-03,1774310400
2026-03-24,EURUSD,1.160779595375061,1.1616560220718384,1.1569254398345947,1.1607122421264648,1.1616560220718384,1.1569254398345947,False,2026-03,1774310400
2026-03-24,XAUUSD,4338.7001953125,4399.2998046875,4325.2001953125,4399.2998046875,4399.2998046875,4325.2001953125,False,2026-03,1774324800
2026-03-25,AUDUSD,0.6997998356819153,0.7004762887954712,0.6947402358055115,0.6996901631355286,0.7004762887954712,0.6947402358055115,False,2026-03,1774396800
2026-03-25,EURUSD,1.161386251449585,1.1631964445114136,1.1563634872436523,1.16146719455719,1.1631964445114136,1.1563634872436523,False,2026-03,1774396800
2026-03-25,XAUUSD,4549.0,4551.89990234375,4541.7998046875,4549.7998046875,4551.89990234375,4541.7998046875,False,2026-03,1774411200
2026-03-26,AUDUSD,0.6944299936294556,0.695709764957428,0.690240204334259,0.6942901611328125,0.695709764957428,0.690240204334259,False,2026-03,1774483200
2026-03-26,EURUSD,1.1564704179763794,1.1574074029922485,1.1523923873901367,1.1561496257781982,1.1574074029922485,1.1523923873901367,False,2026-03,1774483200
2026-03-26,XAUUSD,4441.5,4443.10009765625,4375.5,4375.5,4443.10009765625,4375.5,False,2026-03,1774497600
2026-03-27,AUDUSD,0.6888299584388733,0.6911499500274658,0.6872701048851013,0.6887398958206177,0.6911499500274658,0.6872701048851013,False,2026-03,1774569600
2026-03-27,EURUSD,1.1535356044769287,1.1547343730926514,1.1502978801727295,1.1535090208053589,1.1547343730926514,1.1502978801727295,False,2026-03,1774569600
2026-03-30,AUDUSD,0.6849080324172974,0.6875215172767639,0.6834200620651245,0.6850901246070862,0.6875215172767639,0.6834200620651245,False,2026-03,1774825200
2026-03-30,EURUSD,1.1491875648498535,1.152339220046997,1.1443873643875122,1.149200677871704,1.152339220046997,1.1443873643875122,False,2026-03,1774825200
2026-03-30,XAUUSD,4482.7998046875,4579.10009765625,4413.39990234375,4526.0,4579.10009765625,4413.39990234375,False,2026-03,1774843200
2026-03-31,AUDUSD,0.6846201419830322,0.6888299584388733,0.6835200190544128,0.6845901012420654,0.6888299584388733,0.6835200190544128,False,2026-03,1774911600
2026-03-31,EURUSD,1.1457903385162354,1.1538816690444946,1.144924521446228,1.1460003852844238,1.1538816690444946,1.144924521446228,False,2026-03,1774911600
2026-03-31,XAUUSD,4510.0,4684.10009765625,4508.60009765625,4647.60009765625,4684.10009765625,4508.60009765625,False,2026-03,1774929600
2026-04-01,AUDUSD,0.6917399764060974,0.6962299942970276,0.6900501847267151,0.692051112651825,0.6962299942970276,0.6900501847267151,False,2026-04,1774998000
2026-04-01,EURUSD,1.157112717628479,1.1626555919647217,1.1555883884429932,1.1574207544326782,1.1626555919647217,1.1555883884429932,False,2026-04,1774998000
2026-04-01,XAUUSD,4668.39990234375,4789.10009765625,4668.0,4783.2001953125,4789.10009765625,4668.0,False,2026-04,1775016000
2026-04-02,AUDUSD,0.6923601627349854,0.6935202479362488,0.6860898733139038,0.6923999190330505,0.6935202479362488,0.6860898733139038,False,2026-04,1775084400
2026-04-02,EURUSD,1.159151554107666,1.1598775386810303,1.1510393619537354,1.159057378768921,1.1598775386810303,1.1510393619537354,False,2026-04,1775084400
2026-04-02,XAUUSD,4764.89990234375,4784.39990234375,4558.89990234375,4651.5,4784.39990234375,4558.89990234375,False,2026-04,1775102400
2026-04-03,AUDUSD,0.691399872303009,0.6919098496437073,0.6891599297523499,0.6911499500274658,0.6919098496437073,0.6891599297523499,False,2026-04,1775170800
2026-04-03,EURUSD,1.1543878316879272,1.1548677682876587,1.1520869731903076,1.1541746854782104,1.1548677682876587,1.1520869731903076,False,2026-04,1775170800
2026-04-06,AUDUSD,0.6887801885604858,0.6937001347541809,0.6885501742362976,0.6885501742362976,0.6937001347541809,0.6887801885604858,True,2026-04,1775430000
2026-04-06,EURUSD,1.151185154914856,1.1570056676864624,1.1506949663162231,1.150999665260315,1.1570056676864624,1.1506949663162231,False,2026-04,1775430000
2026-04-06,XAUUSD,4656.10009765625,4689.60009765625,4605.0,4656.7998046875,4689.60009765625,4605.0,False,2026-04,1775448000
2026-04-07,AUDUSD,0.6915299296379089,0.695129930973053,0.6899216175079346,0.6916901469230652,0.695129930973053,0.6899216175079346,False,2026-04,1775516400
2026-04-07,EURUSD,1.1540547609329224,1.1583458185195923,1.1525251865386963,1.1541212797164917,1.1583458185195923,1.1525251865386963,False,2026-04,1775516400
2026-04-07,XAUUSD,4624.89990234375,4676.2998046875,4608.0,4657.10009765625,4676.2998046875,4608.0,False,2026-04,1775534400
2026-04-08,AUDUSD,0.7078698873519897,0.708320140838623,0.7034178972244263,0.707679033279419,0.708320140838623,0.7034178972244263,False,2026-04,1775602800
2026-04-08,EURUSD,1.1690436601638794,1.172333002090454,1.1666841506958008,1.1686612367630005,1.172333002090454,1.1666841506958008,False,2026-04,1775602800
2026-04-08,XAUUSD,4760.0,4851.0,4738.7998046875,4749.5,4851.0,4738.7998046875,False,2026-04,1775620800
2026-04-09,AUDUSD,0.7038798928260803,0.7086097598075867,0.702299952507019,0.703937828540802,0.7086097598075867,0.702299952507019,False,2026-04,1775689200
2026-04-09,EURUSD,1.165813684463501,1.1706311702728271,1.1651073694229126,1.16593599319458,1.1706311702728271,1.1651073694229126,False,2026-04,1775689200
2026-04-09,XAUUSD,4711.0,4799.10009765625,4711.0,4792.2001953125,4799.10009765625,4711.0,False,2026-04,1775707200
2026-04-10,AUDUSD,0.7075598239898682,0.7093199491500854,0.7054300308227539,0.7075698375701904,0.7093199491500854,0.7054300308227539,False,2026-04,1775775600
2026-04-10,EURUSD,1.1691941022872925,1.1741223335266113,1.1678149700164795,1.1691256761550903,1.1741223335266113,1.1678149700164795,False,2026-04,1775775600
2026-04-10,XAUUSD,4745.89990234375,4791.0,4744.89990234375,4761.89990234375,4791.0,4744.89990234375,False,2026-04,1775793600
2026-04-13,AUDUSD,0.7020002603530884,0.7068301439285278,0.7017400860786438,0.7019898295402527,0.7068301439285278,0.7017400860786438,False,2026-04,1776034800
2026-04-13,EURUSD,1.1672152280807495,1.1719481945037842,1.167147159576416,1.1675150394439697,1.1719481945037842,1.167147159576416,False,2026-04,1776034800
2026-04-13,XAUUSD,4704.0,4742.39990234375,4704.0,4742.39990234375,4742.39990234375,4704.0,False,2026-04,1776052800
2026-04-14,AUDUSD,0.7096375823020935,0.7148100733757019,0.7078002691268921,0.7099298238754272,0.7148100733757019,0.7078002691268921,False,2026-04,1776121200
2026-04-14,EURUSD,1.176345944404602,1.1810559034347534,1.1756960153579712,1.176885962486267,1.1810559034347534,1.1756960153579712,False,2026-04,1776121200
2026-04-14,XAUUSD,4770.10009765625,4841.60009765625,4770.10009765625,4825.0,4841.60009765625,4770.10009765625,False,2026-04,1776139200
2026-04-15,AUDUSD,0.7129998207092285,0.7166501879692078,0.7122897505760193,0.7129300832748413,0.7166501879692078,0.7122897505760193,False,2026-04,1776207600
2026-04-15,EURUSD,1.179815649986267,1.1810559034347534,1.177398681640625,1.179940938949585,1.1810559034347534,1.177398681640625,False,2026-04,1776207600
2026-04-15,XAUUSD,4843.60009765625,4843.60009765625,4798.0,4800.0,4843.60009765625,4798.0,False,2026-04,1776225600
2026-04-16,AUDUSD,0.7175397276878357,0.7196600437164307,0.7161497473716736,0.7175799012184143,0.7196600437164307,0.7161497473716736,False,2026-04,1776294000
2026-04-16,EURUSD,1.1807769536972046,1.182382583618164,1.176955223083496,1.1809163093566895,1.182382583618164,1.176955223083496,False,2026-04,1776294000
2026-04-16,XAUUSD,4810.89990234375,4810.89990234375,4785.39990234375,4785.39990234375,4810.89990234375,4785.39990234375,False,2026-04,1776312000
2026-04-17,AUDUSD,0.7158001661300659,0.7221598625183105,0.7154800295829773,0.7159000635147095,0.7221598625183105,0.7154800295829773,False,2026-04,1776380400
2026-04-17,EURUSD,1.1778979301452637,1.1851149797439575,1.1772878170013428,1.1782727241516113,1.1851149797439575,1.1772878170013428,False,2026-04,1776380400
2026-04-17,XAUUSD,4771.60009765625,4879.7001953125,4767.2001953125,4857.60009765625,4879.7001953125,4767.2001953125,False,2026-04,1776398400
2026-04-20,AUDUSD,0.7134998440742493,0.7178998589515686,0.7133889198303223,0.7134998440742493,0.7178998589515686,0.7133889198303223,False,2026-04,1776639600
2026-04-20,EURUSD,1.1739156246185303,1.1791062355041504,1.1739156246185303,1.1741223335266113,1.1791062355041504,1.1739156246185303,False,2026-04,1776639600
2026-04-20,XAUUSD,4793.89990234375,4811.0,4770.0,4806.60009765625,4811.0,4770.0,False,2026-04,1776657600
2026-04-21,AUDUSD,0.7175500392913818,0.7184202075004578,0.714459240436554,0.7174198627471924,0.7184202075004578,0.714459240436554,False,2026-04,1776726000
2026-04-21,EURUSD,1.178383708000183,1.178828239440918,1.174315333366394,1.1784392595291138,1.178828239440918,1.174315333366394,False,2026-04,1776726000
2026-04-21,XAUUSD,4698.39990234375,4705.0,4676.39990234375,4698.39990234375,4705.0,4676.39990234375,False,2026-04,1776744000
2026-04-22,AUDUSD,0.7157699465751648,0.7177998423576355,0.7147099375724792,0.7156198024749756,0.7177998423576355,0.7147099375724792,False,2026-04,1776812400
2026-04-22,EURUSD,1.1745774745941162,1.176110863685608,1.1713716983795166,1.174425721168518,1.176110863685608,1.1713716983795166,False,2026-04,1776812400
2026-04-22,XAUUSD,4754.2001953125,4754.2001953125,4732.5,4732.5,4754.2001953125,4732.5,False,2026-04,1776830400
2026-04-23,AUDUSD,0.7156699895858765,0.7165700197219849,0.7134097814559937,0.7158001661300659,0.7165700197219849,0.7134097814559937,False,2026-04,1776898800
2026-04-23,EURUSD,1.1704941987991333,1.1716461181640625,1.167924165725708,1.1706037521362305,1.1716461181640625,1.167924165725708,False,2026-04,1776898800
2026-04-23,XAUUSD,4711.5,4732.39990234375,4705.10009765625,4705.10009765625,4732.39990234375,4705.10009765625,False,2026-04,1776916800
2026-04-24,AUDUSD,0.7131701111793518,0.7155399322509766,0.7115599513053894,0.7129616141319275,0.7155399322509766,0.7115599513053894,False,2026-04,1776985200
2026-04-24,EURUSD,1.1684017181396484,1.17205810546875,1.1673243045806885,1.16838800907135,1.17205810546875,1.1673243045806885,False,2026-04,1776985200
2026-04-24,XAUUSD,4695.0,4722.2998046875,4657.5,4722.2998046875,4722.2998046875,4657.5,False,2026-04,1777003200
2026-04-27,AUDUSD,0.7142897844314575,0.7202016711235046,0.7142897844314575,0.7143500447273254,0.7202016711235046,0.7142897844314575,False,2026-04,1777244400
2026-04-27,EURUSD,1.1705901622772217,1.1756407022476196,1.1705901622772217,1.1706448793411255,1.1756407022476196,1.1705901622772217,False,2026-04,1777244400
2026-04-27,XAUUSD,4707.60009765625,4711.10009765625,4675.39990234375,4675.39990234375,4711.10009765625,4675.39990234375,False,2026-04,1777262400
2026-04-28,AUDUSD,0.7190400958061218,0.7195000648498535,0.7152206301689148,0.7190897464752197,0.7195000648498535,0.7152206301689148,False,2026-04,1777330800
2026-04-28,EURUSD,1.1723191738128662,1.1728830337524414,1.1678286790847778,1.1723467111587524,1.1728830337524414,1.1678286790847778,False,2026-04,1777330800
2026-04-28,XAUUSD,4680.89990234375,4680.89990234375,4591.5,4591.5,4680.89990234375,4591.5,False,2026-04,1777348800
2026-04-29,AUDUSD,0.7189201712608337,0.7191998958587646,0.7121300101280212,0.7187212109565735,0.7191998958587646,0.7121300101280212,False,2026-04,1777417200
2026-04-29,EURUSD,1.1719344854354858,1.172195553779602,1.1683608293533325,1.171783447265625,1.172195553779602,1.1683608293533325,False,2026-04,1777417200
2026-04-29,XAUUSD,4598.60009765625,4601.60009765625,4515.7001953125,4545.2001953125,4601.60009765625,4515.7001953125,False,2026-04,1777435200
2026-04-30,AUDUSD,0.7130124568939209,0.7190799117088318,0.7110600471496582,0.7131141424179077,0.7190799117088318,0.7110600471496582,False,2026-04,1777503600
2026-04-30,EURUSD,1.168770432472229,1.17384672164917,1.165623426437378,1.168470025062561,1.17384672164917,1.165623426437378,False,2026-04,1777503600
2026-04-30,XAUUSD,4561.89990234375,4636.7001953125,4561.89990234375,4614.7001953125,4636.7001953125,4561.89990234375,False,2026-04,1777521600
2026-05-01,AUDUSD,0.7200300097465515,0.7227198481559753,0.7184697389602661,0.720079779624939,0.7227198481559753,0.7184697389602661,False,2026-05,1777590000
2026-05-01,EURUSD,1.1730204820632935,1.1784532070159912,1.1719344854354858,1.172910451889038,1.1784532070159912,1.1719344854354858,False,2026-05,1777590000
2026-05-01,XAUUSD,4636.7001953125,4636.7001953125,4581.7001953125,4629.89990234375,4636.7001953125,4581.7001953125,False,2026-05,1777608000
2026-05-04,AUDUSD,0.7209805250167847,0.721700131893158,0.7163200974464417,0.7212925553321838,0.721700131893158,0.7163200974464417,False,2026-05,1777849200
2026-05-04,EURUSD,1.1726078987121582,1.17384672164917,1.1690847873687744,1.1726628541946411,1.17384672164917,1.1690847873687744,False,2026-05,1777849200
2026-05-04,XAUUSD,4581.2001953125,4581.2001953125,4512.7001953125,4519.5,4581.2001953125,4512.7001953125,False,2026-05,1777867200
2026-05-05,AUDUSD,0.7167497873306274,0.719750165939331,0.713630199432373,0.7167482376098633,0.719750165939331,0.713630199432373,False,2026-05,1777935600
2026-05-05,EURUSD,1.1691941022872925,1.1716461181640625,1.1677467823028564,1.1691941022872925,1.1716461181640625,1.1677467823028564,False,2026-05,1777935600
2026-05-05,XAUUSD,4547.60009765625,4580.5,4547.60009765625,4555.7998046875,4580.5,4547.60009765625,False,2026-05,1777953600
2026-05-06,AUDUSD,0.7203500270843506,0.7277384996414185,0.7203500270843506,0.7203900218009949,0.7277384996414185,0.7203500270843506,False,2026-05,1778022000
2026-05-06,EURUSD,1.1715089082717896,1.1796625852584839,1.1712619066238403,1.1715774536132812,1.1796625852584839,1.1712619066238403,False,2026-05,1778022000
2026-05-06,XAUUSD,4663.60009765625,4712.60009765625,4663.60009765625,4681.89990234375,4712.60009765625,4663.60009765625,False,2026-05,1778040000
2026-05-07,AUDUSD,0.7235397696495056,0.7265002727508545,0.7232901453971863,0.7235099673271179,0.7265002727508545,0.7232901453971863,False,2026-05,1778108400
2026-05-07,EURUSD,1.1748120784759521,1.177994966506958,1.1746740341186523,1.1747430562973022,1.177994966506958,1.1746740341186523,False,2026-05,1778108400
2026-05-07,XAUUSD,4704.7998046875,4736.2001953125,4699.7998046875,4699.7998046875,4736.2001953125,4699.7998046875,False,2026-05,1778126400
2026-05-08,AUDUSD,0.7208698391914368,0.724879801273346,0.7201399803161621,0.7208600044250488,0.724879801273346,0.7201399803161621,False,2026-05,1778194800
2026-05-08,EURUSD,1.1730892658233643,1.178467035293579,1.172525405883789,1.1731581687927246,1.178467035293579,1.172525405883789,False,2026-05,1778194800
2026-05-08,XAUUSD,4714.39990234375,4724.7998046875,4713.60009765625,4720.39990234375,4724.7998046875,4713.60009765625,False,2026-05,1778212800
2026-05-11,AUDUSD,0.7234424352645874,0.7262164354324341,0.7225897908210754,0.7236999869346619,0.7262164354324341,0.7225897908210754,False,2026-05,1778454000
2026-05-11,EURUSD,1.176885962486267,1.1789672374725342,1.174936294555664,1.176885962486267,1.1789672374725342,1.174936294555664,False,2026-05,1778454000
2026-05-11,XAUUSD,4729.5,4729.5,4718.7001953125,4718.7001953125,4729.5,4718.7001953125,False,2026-05,1778472000
2026-05-12,AUDUSD,0.7241402268409729,0.7246218919754028,0.721010148525238,0.7246218919754028,0.7243998646736145,0.721010148525238,True,2026-05,1778540400
2026-05-12,EURUSD,1.1775649785995483,1.177994966506958,1.1723054647445679,1.177994966506958,1.1778563261032104,1.1723054647445679,True,2026-05,1778540400
2026-05-12,XAUUSD,4762.2001953125,4765.2001953125,4677.60009765625,4677.60009765625,4765.2001953125,4677.60009765625,False,2026-05,1778558400
2026-05-13,AUDUSD,0.7239399552345276,0.7271098494529724,0.7231902480125427,0.7237801551818848,0.7271098494529724,0.7231902480125427,False,2026-05,1778626800
2026-05-13,EURUSD,1.173626184463501,1.1742602586746216,1.1696317195892334,1.1735436916351318,1.1742602586746216,1.1696317195892334,False,2026-05,1778626800
2026-05-13,XAUUSD,4722.7001953125,4722.7001953125,4679.5,4697.7001953125,4722.7001953125,4679.5,False,2026-05,1778644800
2026-05-14,AUDUSD,0.7254498600959778,0.72639000415802,0.7220800518989563,0.7254998683929443,0.72639000415802,0.7220800518989563,False,2026-05,1778713200
2026-05-14,EURUSD,1.171783447265625,1.1721543073654175,1.1672425270080566,1.1716049909591675,1.1721543073654175,1.1672425270080566,False,2026-05,1778713200
2026-05-14,XAUUSD,4678.10009765625,4678.10009765625,4650.2998046875,4678.10009765625,4678.10009765625,4650.2998046875,False,2026-05,1778731200
2026-05-15,AUDUSD,0.721700131893158,0.7219001650810242,0.7141000032424927,0.7214298844337463,0.7219001650810242,0.7141000032424927,False,2026-05,1778799600
2026-05-15,EURUSD,1.1662487983703613,1.1664528846740723,1.1618314981460571,1.166208028793335,1.1664528846740723,1.1618314981460571,False,2026-05,1778799600
2026-05-15,XAUUSD,4615.2001953125,4615.2001953125,4524.2998046875,4555.7998046875,4615.2001953125,4524.2998046875,False,2026-05,1778817600
2026-05-18,AUDUSD,0.7129200100898743,0.718329906463623,0.712009847164154,0.7130200862884521,0.718329906463623,0.712009847164154,False,2026-05,1779058800
2026-05-18,EURUSD,1.1617100238800049,1.1659088134765625,1.1609008312225342,1.161440134048462,1.1659088134765625,1.1609008312225342,False,2026-05,1779058800
2026-05-18,XAUUSD,4563.0,4570.2998046875,4538.7001953125,4552.5,4570.2998046875,4538.7001953125,False,2026-05,1779076800
2026-05-19,AUDUSD,0.7170900106430054,0.7172901630401611,0.7080202102661133,0.7172901630401611,0.7170900106430054,0.7080202102661133,True,2026-05,1779145200
2026-05-19,EURUSD,1.1654061079025269,1.1655147075653076,1.1593127250671387,1.1655147075653076,1.1655012369155884,1.1593127250671387,True,2026-05,1779145200
2026-05-19,XAUUSD,4551.7001953125,4552.60009765625,4506.2001953125,4506.2998046875,4552.60009765625,4506.2001953125,False,2026-05,1779163200
2026-05-20,AUDUSD,0.7102898359298706,0.717130184173584,0.7088101506233215,0.7106598019599915,0.717130184173584,0.7088101506233215,False,2026-05,1779231600
2026-05-20,EURUSD,1.1605371236801147,1.1644154787063599,1.1583592891693115,1.1607122421264648,1.1644154787063599,1.1583592891693115,False,2026-05,1779231600
2026-05-20,XAUUSD,4502.60009765625,4531.2998046875,4465.10009765625,4531.2998046875,4531.2998046875,4465.10009765625,False,2026-05,1779249600
2026-05-21,AUDUSD,0.7149598598480225,0.7158196568489075,0.7101113200187683,0.7150007486343384,0.7158196568489075,0.7101113200187683,False,2026-05,1779318000
2026-05-21,EURUSD,1.1625068187713623,1.1637378931045532,1.1577290296554565,1.1625338792800903,1.1637378931045532,1.1577290296554565,False,2026-05,1779318000
2026-05-21,XAUUSD,4507.2001953125,4539.7998046875,4503.7998046875,4539.7998046875,4539.7998046875,4503.7998046875,False,2026-05,1779336000
2026-05-22,AUDUSD,0.7145301699638367,0.7148299813270569,0.7117401957511902,0.7148299813270569,0.7147298455238342,0.7117401957511902,True,2026-05,1779404400
2026-05-22,EURUSD,1.1615750789642334,1.1621150970458984,1.1589365005493164,1.1621150970458984,1.1618449687957764,1.1589365005493164,True,2026-05,1779404400
2026-05-22,XAUUSD,4519.5,4530.2998046875,4519.10009765625,4521.0,4530.2998046875,4519.10009765625,False,2026-05,1779422400
2026-05-25,AUDUSD,0.7157499194145203,0.71809983253479,0.7153101563453674,0.7157202363014221,0.71809983253479,0.7153101563453674,False,2026-05,1779663600
2026-05-25,EURUSD,1.1640766859054565,1.1655012369155884,1.1630340814590454,1.164225697517395,1.1655012369155884,1.1630340814590454,False,2026-05,1779663600
2026-05-26,AUDUSD,0.7169100642204285,0.7176000475883484,0.7156597375869751,0.717029869556427,0.7176000475883484,0.7156597375869751,False,2026-05,1779750000
2026-05-26,EURUSD,1.1636160612106323,1.164686679840088,1.161737084388733,1.1637378931045532,1.164686679840088,1.161737084388733,False,2026-05,1779750000
2026-05-26,XAUUSD,4572.7998046875,4572.7998046875,4500.39990234375,4500.39990234375,4572.7998046875,4500.39990234375,False,2026-05,1779768000
2026-05-27,AUDUSD,0.7171697616577148,0.71809983253479,0.712410032749176,0.717079758644104,0.71809983253479,0.712410032749176,False,2026-05,1779836400
2026-05-27,EURUSD,1.1638598442077637,1.1660856008529663,1.1623852252960205,1.1636837720870972,1.1660856008529663,1.1623852252960205,False,2026-05,1779836400
2026-05-27,XAUUSD,4439.7001953125,4447.5,4439.7001953125,4447.5,4447.5,4439.7001953125,False,2026-05,1779854400
2026-05-28,AUDUSD,0.7130887508392334,0.7161497473716736,0.7098698019981384,0.7133201360702515,0.7161497473716736,0.7098698019981384,False,2026-05,1779922800
2026-05-28,EURUSD,1.1617640256881714,1.1657729148864746,1.1587486267089844,1.1617909669876099,1.1657729148864746,1.1587486267089844,False,2026-05,1779922800
2026-05-28,XAUUSD,4453.60009765625,4512.60009765625,4363.5,4499.2998046875,4512.60009765625,4363.5,False,2026-05,1779940800
2026-05-29,AUDUSD,0.716400146484375,0.7200399041175842,0.7150702476501465,0.7164201736450195,0.7200399041175842,0.7150702476501465,False,2026-05,1780009200
2026-05-29,EURUSD,1.165338158607483,1.1685519218444824,1.1625880002975464,1.1652837991714478,1.1685519218444824,1.1625880002975464,False,2026-05,1780009200
2026-05-29,XAUUSD,4494.0,4591.7998046875,4487.89990234375,4560.5,4591.7998046875,4487.89990234375,False,2026-05,1780027200
2026-06-01,AUDUSD,0.7179884910583496,0.7189998030662537,0.7135798335075378,0.7180498242378235,0.7189998030662537,0.7135798335075378,False,2026-06,1780268400
2026-06-01,EURUSD,1.164808750152588,1.1667250394821167,1.1607391834259033,1.164890170097351,1.1667250394821167,1.1607391834259033,False,2026-06,1780268400
2026-06-01,XAUUSD,4523.5,4541.39990234375,4449.7001953125,4475.2001953125,4541.39990234375,4449.7001953125,False,2026-06,1780286400
2026-06-02,AUDUSD,0.7164801955223083,0.7187997698783875,0.7153699994087219,0.7164298892021179,0.7187997698783875,0.7153699994087219,False,2026-06,1780354800
2026-06-02,EURUSD,1.1635618209838867,1.1655012369155884,1.162912368774414,1.1635483503341675,1.1655012369155884,1.162912368774414,False,2026-06,1780354800
2026-06-02,XAUUSD,4488.0,4529.5,4474.2001953125,4489.10009765625,4529.5,4474.2001953125,False,2026-06,1780372800
2026-06-03,AUDUSD,0.7173600792884827,0.7182875871658325,0.71368008852005,0.7174115777015686,0.7182875871658325,0.71368008852005,False,2026-06,1780441200
2026-06-03,EURUSD,1.1621556282043457,1.163602590560913,1.1595412492752075,1.1622096300125122,1.163602590560913,1.1595412492752075,False,2026-06,1780441200
2026-06-03,XAUUSD,4471.2001953125,4471.7001953125,4427.2001953125,4436.7001953125,4471.7001953125,4427.2001953125,False,2026-06,1780459200
2026-06-04,AUDUSD,0.7133584022521973,0.714796245098114,0.7123202681541443,0.7134499549865723,0.714796245098114,0.7123202681541443,False,2026-06,1780527600
2026-06-04,EURUSD,1.1609278917312622,1.164686679840088,1.1599044799804688,1.160941243171692,1.164686679840088,1.1599044799804688,False,2026-06,1780527600
2026-06-04,XAUUSD,4447.39990234375,4509.89990234375,4447.39990234375,4475.7998046875,4509.89990234375,4447.39990234375,False,2026-06,1780545600
2026-06-05,AUDUSD,0.713110089302063,0.7144898176193237,0.7057501673698425,0.7132158875465393,0.7144898176193237,0.7057501673698425,False,2026-06,1780614000
2026-06-05,EURUSD,1.161440134048462,1.1645511388778687,1.1531099081039429,1.1612648963928223,1.1645511388778687,1.1531099081039429,False,2026-06,1780614000
2026-06-05,XAUUSD,4472.2998046875,4472.2998046875,4319.10009765625,4337.10009765625,4472.2998046875,4319.10009765625,False,2026-06,1780632000
2026-06-08,AUDUSD,0.7043200731277466,0.7078002691268921,0.7035317420959473,0.7043498158454895,0.7078002691268921,0.7035317420959473,False,2026-06,1780873200
2026-06-08,EURUSD,1.1524720191955566,1.155428171157837,1.1500862836837769,1.1522595882415771,1.155428171157837,1.1500862836837769,False,2026-06,1780873200
2026-06-08,XAUUSD,4324.2001953125,4340.89990234375,4284.60009765625,4335.89990234375,4340.89990234375,4284.60009765625,False,2026-06,1780891200
2026-06-09,AUDUSD,0.7038402557373047,0.7072001099586487,0.7023014426231384,0.704049825668335,0.7072001099586487,0.7023014426231384,False,2026-06,1780959600
2026-06-09,EURUSD,1.152790904045105,1.1578094959259033,1.152790904045105,1.1528440713882446,1.1578094959259033,1.152790904045105,False,2026-06,1780959600
2026-06-09,XAUUSD,4332.7998046875,4344.5,4240.2001953125,4260.0,4344.5,4240.2001953125,False,2026-06,1780977600
2026-06-10,AUDUSD,0.7024396061897278,0.7036604881286621,0.6998600959777832,0.7023113369941711,0.7036604881286621,0.6998600959777832,False,2026-06,1781046000
2026-06-10,EURUSD,1.1535356044769287,1.1574074029922485,1.15340256690979,1.1535356044769287,1.1574074029922485,1.15340256690979,False,2026-06,1781046000
2026-06-10,XAUUSD,4200.0,4206.7001953125,4100.0,4108.2001953125,4206.7001953125,4100.0,False,2026-06,1781064000
2026-06-11,AUDUSD,0.6997200846672058,0.701311469078064,0.6980100870132446,0.6994200348854065,0.701311469078064,0.6980100870132446,False,2026-06,1781132400
2026-06-11,EURUSD,1.1538017988204956,1.1558021306991577,1.151450276374817,1.1535621881484985,1.1558021306991577,1.151450276374817,False,2026-06,1781132400
2026-06-11,XAUUSD,4042.89990234375,4209.7998046875,4031.0,4090.300048828125,4209.7998046875,4031.0,False,2026-06,1781150400
2026-06-12,AUDUSD,0.7045800685882568,0.7059404850006104,0.7021899819374084,0.7047901749610901,0.7059404850006104,0.7021899819374084,False,2026-06,1781218800
2026-06-12,EURUSD,1.1573537588119507,1.159151554107666,1.1558021306991577,1.157594919204712,1.159151554107666,1.1558021306991577,False,2026-06,1781218800
2026-06-12,XAUUSD,4208.2998046875,4225.2998046875,4173.2001953125,4215.0,4225.2998046875,4173.2001953125,False,2026-06,1781236800
2026-06-15,AUDUSD,0.7077100872993469,0.7089001536369324,0.7064900994300842,0.7075197696685791,0.7089001536369324,0.7064900994300842,False,2026-06,1781478000
2026-06-15,EURUSD,1.160644769668579,1.16225004196167,1.1594606637954712,1.1603081226348877,1.16225004196167,1.1594606637954712,False,2026-06,1781478000
2026-06-15,XAUUSD,4271.2001953125,4362.0,4269.10009765625,4328.0,4362.0,4269.10009765625,False,2026-06,1781496000
2026-06-16,AUDUSD,0.7073001265525818,0.7079144716262817,0.7042897939682007,0.7073001265525818,0.7079144716262817,0.7042897939682007,False,2026-06,1781564400
2026-06-16,EURUSD,1.1592857837677002,1.1618449687957764,1.1575413942337036,1.1594202518463135,1.1618449687957764,1.1575413942337036,False,2026-06,1781564400
2026-06-16,XAUUSD,4309.5,4345.7998046875,4309.5,4330.89990234375,4345.7998046875,4309.5,False,2026-06,1781582400
2026-06-17,AUDUSD,0.706459105014801,0.7075998783111572,0.7054898142814636,0.7065500020980835,0.7075998783111572,0.7054898142814636,False,2026-06,1781650800
2026-06-17,EURUSD,1.1609278917312622,1.1618449687957764,1.1586545705795288,1.1609952449798584,1.1618449687957764,1.1586545705795288,False,2026-06,1781650800
2026-06-17,XAUUSD,4339.0,4377.0,4296.0,4358.89990234375,4377.0,4296.0,False,2026-06,1781668800
2026-06-18,AUDUSD,0.7023211717605591,0.7042000889778137,0.700201690196991,0.7018499374389648,0.7042000889778137,0.700201690196991,False,2026-06,1781737200
2026-06-18,EURUSD,1.151145339012146,1.1530035734176636,1.1454228162765503,1.150734782218933,1.1530035734176636,1.1454228162765503,False,2026-06,1781737200
2026-06-18,XAUUSD,4279.7998046875,4323.2001953125,4223.7001953125,4224.10009765625,4323.2001953125,4223.7001953125,False,2026-06,1781755200
2026-06-19,AUDUSD,0.7014398574829102,0.7023299932479858,0.6990001201629639,0.7013099789619446,0.7023299932479858,0.6990001201629639,False,2026-06,1781823600
2026-06-19,EURUSD,1.1463946104049683,1.1475785970687866,1.1418262720108032,1.1458560228347778,1.1475785970687866,1.1418262720108032,False,2026-06,1781823600
2026-06-22,AUDUSD,0.7002506852149963,0.7018799781799316,0.6994601488113403,0.7002899646759033,0.7018799781799316,0.6994601488113403,False,2026-06,1782082800
2026-06-22,EURUSD,1.1463682651519775,1.147315263748169,1.1426090002059937,1.1462763547897339,1.147315263748169,1.1426090002059937,False,2026-06,1782082800
2026-06-22,XAUUSD,4138.7998046875,4216.39990234375,4134.7998046875,4181.89990234375,4216.39990234375,4134.7998046875,False,2026-06,1782100800
2026-06-23,AUDUSD,0.6993197798728943,0.6994621157646179,0.6921598315238953,0.6994621157646179,0.6993300318717957,0.6921598315238953,True,2026-06,1782169200
2026-06-23,EURUSD,1.1425306797027588,1.1439030170440674,1.137669324874878,1.1427135467529297,1.1439030170440674,1.137669324874878,False,2026-06,1782169200
2026-06-23,XAUUSD,4127.10009765625,4135.2001953125,4118.5,4129.89990234375,4135.2001953125,4118.5,False,2026-06,1782187200
2026-06-24,AUDUSD,0.6918002367019653,0.6923999190330505,0.6884899735450745,0.6915600895881653,0.6923999190330505,0.6884899735450745,False,2026-06,1782255600
2026-06-24,EURUSD,1.1379282474517822,1.1384334564208984,1.132541298866272,1.1379542350769043,1.1384334564208984,1.132541298866272,False,2026-06,1782255600
2026-06-24,XAUUSD,4104.39990234375,4104.7001953125,3963.300048828125,3990.300048828125,4104.7001953125,3963.300048828125,False,2026-06,1782273600
2026-06-25,AUDUSD,0.6895999908447266,0.692110002040863,0.6887498497962952,0.6900001764297485,0.692110002040863,0.6887498497962952,False,2026-06,1782342000
2026-06-25,EURUSD,1.135344386100769,1.1388354301452637,1.1334270238876343,1.1354217529296875,1.1388354301452637,1.1334270238876343,False,2026-06,1782342000
2026-06-25,XAUUSD,3988.39990234375,4030.5,3986.699951171875,4030.5,4030.5,3986.699951171875,False,2026-06,1782360000
2026-06-26,AUDUSD,0.6902301907539368,0.6917002201080322,0.6876302361488342,0.6900501847267151,0.6917002201080322,0.6876302361488342,False,2026-06,1782428400
2026-06-26,EURUSD,1.1363893747329712,1.1433929204940796,1.135486125946045,1.1361699104309082,1.1433929204940796,1.135486125946045,False,2026-06,1782428400
2026-06-29,AUDUSD,0.6893699169158936,0.6904498934745789,0.6878198981285095,0.6896218657493591,0.6904498934745789,0.6878198981285095,False,2026-06,1782687600
2026-06-29,EURUSD,1.1384464502334595,1.1425960063934326,1.1381744146347046,1.1385631561279297,1.1425960063934326,1.1381744146347046,False,2026-06,1782687600
2026-06-29,XAUUSD,4057.5,4070.0,4003.199951171875,4022.300048828125,4070.0,4003.199951171875,False,2026-06,1782705600
2026-06-30,AUDUSD,0.6879698634147644,0.6929382681846619,0.68656986951828,0.6882398128509521,0.6929382681846619,0.68656986951828,False,2026-06,1782774000
2026-06-30,EURUSD,1.1418914794921875,1.1434452533721924,1.1383298635482788,1.1422044038772583,1.1434452533721924,1.1383298635482788,False,2026-06,1782774000
2026-06-30,XAUUSD,4002.60009765625,4049.699951171875,3962.5,4022.89990234375,4049.699951171875,3962.5,False,2026-06,1782792000
2026-07-01,AUDUSD,0.6911901235580444,0.6915399432182312,0.6883923411369324,0.6912999749183655,0.6915399432182312,0.6883923411369324,False,2026-06,1782860400
2026-07-01,EURUSD,1.141252875328064,1.1416828632354736,1.1362087726593018,1.1413310766220093,1.1416828632354736,1.1362087726593018,False,2026-06,1782860400
2026-07-01,XAUUSD,4013.10009765625,4100.0,3963.0,4068.300048828125,4100.0,3963.0,False,2026-06,1782878400
2026-07-02,AUDUSD,0.6891499161720276,0.6945998072624207,0.6885402202606201,0.6892097592353821,0.6945998072624207,0.6885402202606201,False,2026-06,1782946800
2026-07-02,EURUSD,1.1377859115600586,1.1471705436706543,1.1375399827957153,1.13779878616333,1.1471705436706543,1.1375399827957153,False,2026-06,1782946800
